city,lat,lng,country,iso2,admin_name,capital,population,population_proper
Nassau,25.0667,-77.3333,"Bahamas, The",BS,,primary,274400,274400
Freeport City,26.5200,-78.6600,"Bahamas, The",BS,City of Freeport,,45945,45945
Marsh Harbour,26.4000,-77.1700,"Bahamas, The",BS,Central Abaco,,6283,6283
Dunmore Town,25.5019,-76.6358,"Bahamas, The",BS,North Eleuthera,,1168,1168
Rock Sound,24.8333,-76.3333,"Bahamas, The",BS,South Eleuthera,,1000,1000
Cockburn Town,24.0513,-74.5297,"Bahamas, The",BS,San Salvador,,271,271
Pirates Well,22.4328,-73.1010,"Bahamas, The",BS,Mayaguana,,235,235
Winton Meadows,25.0333,-77.2667,"Bahamas, The",BS,,,,
Mount Pleasant,25.0167,-77.5167,"Bahamas, The",BS,,,,
Carmichael Village,25.0167,-77.4333,"Bahamas, The",BS,,,,
Clifton,25.0167,-77.5667,"Bahamas, The",BS,,,,
Waterloo,25.0333,-77.5333,"Bahamas, The",BS,,,,
Winton Heights,25.0333,-77.2667,"Bahamas, The",BS,,,,
Camperdown,25.0500,-77.2667,"Bahamas, The",BS,,,,
Millars,24.9849,-77.4304,"Bahamas, The",BS,,,,
Cable Beach,25.0667,-77.4000,"Bahamas, The",BS,,,,
Cunningham,25.0833,-77.4333,"Bahamas, The",BS,,,,
Yamacraw Beach Estate,25.0333,-77.2833,"Bahamas, The",BS,,,,
Adelaide,25.0022,-77.4905,"Bahamas, The",BS,,,,
Highbury Park,25.0333,-77.3167,"Bahamas, The",BS,,,,
Winton,25.0500,-77.2833,"Bahamas, The",BS,,,,
Millar Heights,25.0167,-77.3833,"Bahamas, The",BS,,,,
Nassau Estate,25.0333,-77.2833,"Bahamas, The",BS,,,,
Killarney,25.0500,-77.4167,"Bahamas, The",BS,,,,
Sandilands Village,25.0500,-77.3167,"Bahamas, The",BS,,,,
Belair Estates,25.0167,-77.3667,"Bahamas, The",BS,,,,
Stapleton Gardens,25.0500,-77.3667,"Bahamas, The",BS,,,,
Golden Gates Estates,25.0167,-77.3500,"Bahamas, The",BS,,,,
Coral Harbour,24.9975,-77.4578,"Bahamas, The",BS,,,,
Creek Village,25.0667,-77.3000,"Bahamas, The",BS,,,,
Coral Heights,24.9982,-77.4556,"Bahamas, The",BS,,,,
Sea Breeze Estates,25.0167,-77.3167,"Bahamas, The",BS,,,,
Hope Town,26.5398,-76.9621,"Bahamas, The",BS,Hope Town,,,
Alice Town,25.7292,-79.2961,"Bahamas, The",BS,Bimini,,,
Louis Town,25.5525,-79.2785,"Bahamas, The",BS,Bimini,,,
Nixon’s Harbour,25.6997,-79.3020,"Bahamas, The",BS,Bimini,,,
Bailey Town,25.7433,-79.2867,"Bahamas, The",BS,Bimini,,,
Sweeting Cay,26.6133,-77.8693,"Bahamas, The",BS,East Grand Bahama,,,
Water Cay,26.7500,-78.5000,"Bahamas, The",BS,West Grand Bahama,,,
Eight Mile Rock,26.5167,-78.7833,"Bahamas, The",BS,West Grand Bahama,,,
Bain Town,26.5167,-78.7833,"Bahamas, The",BS,West Grand Bahama,,,
Vincent Town,26.6667,-78.9500,"Bahamas, The",BS,West Grand Bahama,,,
McLeans Town,26.6580,-77.9919,"Bahamas, The",BS,East Grand Bahama,,,
Hawksbill,26.5000,-78.7333,"Bahamas, The",BS,West Grand Bahama,,,
Pine Ridge,26.5500,-78.7333,"Bahamas, The",BS,West Grand Bahama,,,
Russell Town,26.5167,-78.7000,"Bahamas, The",BS,West Grand Bahama,,,
Lucaya,26.5333,-78.6667,"Bahamas, The",BS,City of Freeport,,,
Pelican Point,26.6500,-78.0833,"Bahamas, The",BS,East Grand Bahama,,,
Mather Town,26.5500,-78.5833,"Bahamas, The",BS,West Grand Bahama,,,
Roberts Town,26.6667,-78.9500,"Bahamas, The",BS,West Grand Bahama,,,
Braudies Point,26.5333,-78.7333,"Bahamas, The",BS,West Grand Bahama,,,
Gilbert Grant,23.6000,-75.9167,"Bahamas, The",BS,Exuma,,,
Hermitage,23.5167,-75.8333,"Bahamas, The",BS,Exuma,,,
Baraterre,23.6957,-76.0413,"Bahamas, The",BS,Exuma,,,
Calvin Hill,23.6000,-75.9667,"Bahamas, The",BS,Exuma,,,
Forbes Hill,23.4600,-75.6473,"Bahamas, The",BS,Exuma,,,
Curtis,23.6333,-75.9667,"Bahamas, The",BS,Exuma,,,
Ramsey,23.5667,-75.8667,"Bahamas, The",BS,Exuma,,,
Pigeon Cay,23.4299,-75.6781,"Bahamas, The",BS,Exuma,,,
Michelson,23.4833,-75.7667,"Bahamas, The",BS,Exuma,,,
Anne’s Tract Settlement,23.6833,-76.0500,"Bahamas, The",BS,Exuma,,,
Farmer’s Hill,23.6000,-75.9000,"Bahamas, The",BS,Exuma,,,
Steventon,23.6427,-75.9448,"Bahamas, The",BS,Exuma,,,
Richmond Hill,23.6068,-75.9943,"Bahamas, The",BS,Exuma,,,
Rolleville,23.6733,-75.9848,"Bahamas, The",BS,Exuma,,,
Rolletown,23.4631,-75.7042,"Bahamas, The",BS,Exuma,,,
Moss Town,23.5467,-75.8557,"Bahamas, The",BS,Exuma,,,
Rokers Point Settlement,23.6167,-75.9167,"Bahamas, The",BS,Exuma,,,
Jimmy Hill,23.5667,-75.8667,"Bahamas, The",BS,Exuma,,,
Stuart Manor,23.6333,-76.0000,"Bahamas, The",BS,Exuma,,,
Alexander,23.6500,-76.0167,"Bahamas, The",BS,Exuma,,,
Forest,23.5870,-75.9144,"Bahamas, The",BS,Exuma,,,
Black Point,24.0972,-76.3983,"Bahamas, The",BS,Black Point,,,
Mount Thompson,23.5833,-75.8833,"Bahamas, The",BS,Exuma,,,
Georgetown,23.5063,-75.7696,"Bahamas, The",BS,Exuma,,,
William’s Town,23.4260,-75.5589,"Bahamas, The",BS,Exuma,,,
Alice Town,25.3460,-76.4853,"Bahamas, The",BS,North Eleuthera,,,
Colebrooke Dale,25.2000,-76.2500,"Bahamas, The",BS,Central Eleuthera,,,
Bannerman Town,24.6324,-76.1682,"Bahamas, The",BS,South Eleuthera,,,
Gregory Town,25.3909,-76.5572,"Bahamas, The",BS,North Eleuthera,,,
Lower Bogue,25.4667,-76.7167,"Bahamas, The",BS,North Eleuthera,,,
Current,25.4094,-76.7864,"Bahamas, The",BS,North Eleuthera,,,
Waterford,24.7500,-76.2333,"Bahamas, The",BS,South Eleuthera,,,
Millars,24.6500,-76.1667,"Bahamas, The",BS,South Eleuthera,,,
South Palmetto Point,25.1500,-76.1833,"Bahamas, The",BS,Central Eleuthera,,,
North Palmetto Point,25.1667,-76.1833,"Bahamas, The",BS,Central Eleuthera,,,
Tarpum Bay,24.9700,-76.1816,"Bahamas, The",BS,South Eleuthera,,,
Wemyss Bight,24.7500,-76.2500,"Bahamas, The",BS,South Eleuthera,,,
Davis Harbor,24.7309,-76.2202,"Bahamas, The",BS,South Eleuthera,,,
Delancey Town,24.7667,-76.2667,"Bahamas, The",BS,South Eleuthera,,,
Deep Creek,24.7733,-76.2696,"Bahamas, The",BS,South Eleuthera,,,
James Cistern,25.3257,-76.3618,"Bahamas, The",BS,North Eleuthera,,,
Upper Bogue,25.4500,-76.6667,"Bahamas, The",BS,North Eleuthera,,,
Kemps Point,24.9070,-76.1822,"Bahamas, The",BS,South Eleuthera,,,
The Bluff,25.4991,-76.7234,"Bahamas, The",BS,North Eleuthera,,,
John Millars,24.6833,-76.1833,"Bahamas, The",BS,South Eleuthera,,,
Palmetto Point,25.1667,-76.1667,"Bahamas, The",BS,Central Eleuthera,,,
Crown Haven,26.9000,-77.8167,"Bahamas, The",BS,North Abaco,,,
Snake Cay,26.4568,-77.0482,"Bahamas, The",BS,Central Abaco,,,
Dundas Town,26.5464,-77.0798,"Bahamas, The",BS,Central Abaco,,,
