city,lat,lng,country,iso2,admin_name,capital,population,population_proper
Vienna,48.2083,16.3731,Austria,AT,Wien,primary,1911191,1911191
Graz,47.0749,15.4409,Austria,AT,Steiermark,admin,263234,222326
Linz,48.3000,14.2833,Austria,AT,Oberösterreich,admin,204846,204846
Salzburg,47.7972,13.0477,Austria,AT,Salzburg,admin,155021,155021
Innsbruck,47.2683,11.3933,Austria,AT,Tirol,admin,132493,132493
Klagenfurt,46.6167,14.3000,Austria,AT,Kärnten,admin,101403,101403
Wels,48.1500,14.0167,Austria,AT,Oberösterreich,minor,61233,61233
Dornbirn,47.4167,9.7500,Austria,AT,Vorarlberg,minor,48067,48067
Wiener Neustadt,47.8167,16.2500,Austria,AT,Niederösterreich,minor,44461,44461
Steyr,48.0500,14.4167,Austria,AT,Oberösterreich,minor,38331,38331
Bregenz,47.5050,9.7492,Austria,AT,Vorarlberg,admin,29806,29806
Leonding,48.2792,14.2528,Austria,AT,Oberösterreich,,28698,28698
Klosterneuburg,48.3042,16.3167,Austria,AT,Niederösterreich,minor,27058,27058
Wolfsberg,46.8419,14.8408,Austria,AT,Kärnten,minor,25035,25035
Leoben,47.3817,15.0972,Austria,AT,Steiermark,minor,24645,24645
Krems an der Donau,48.4167,15.6167,Austria,AT,Niederösterreich,minor,24610,24610
Traun,48.2217,14.2397,Austria,AT,Oberösterreich,,24477,24477
Amstetten,48.1167,14.8667,Austria,AT,Niederösterreich,minor,23656,23656
Lustenau,47.4271,9.6711,Austria,AT,Vorarlberg,,22821,22821
Kapfenberg,47.4394,15.2894,Austria,AT,Steiermark,,22798,22798
Hallein,47.6667,13.0833,Austria,AT,Salzburg,minor,21150,21150
Mödling,48.0856,16.2831,Austria,AT,Niederösterreich,minor,20555,20555
Kufstein,47.5833,12.1667,Austria,AT,Tirol,minor,19223,19223
Traiskirchen,48.0189,16.2922,Austria,AT,Niederösterreich,,18858,18858
Schwechat,48.1411,16.4786,Austria,AT,Niederösterreich,,18026,18026
Braunau am Inn,48.2583,13.0333,Austria,AT,Oberösterreich,minor,17095,17095
Stockerau,48.3858,16.2108,Austria,AT,Niederösterreich,,16916,16916
Saalfelden am Steinernen Meer,47.4269,12.8483,Austria,AT,Salzburg,,16700,16700
Hohenems,47.3667,9.6667,Austria,AT,Vorarlberg,,16317,16317
Ansfelden,48.2083,14.2889,Austria,AT,Oberösterreich,,16194,16194
Bruck an der Mur,47.4106,15.2686,Austria,AT,Steiermark,minor,15837,15837
Telfs,47.3069,11.0722,Austria,AT,Tirol,,15747,15747
Spittal an der Drau,46.7917,13.4958,Austria,AT,Kärnten,minor,15413,15413
Perchtoldsdorf,48.1167,16.2667,Austria,AT,Niederösterreich,,15047,15047
Ternitz,47.7167,16.0333,Austria,AT,Niederösterreich,,14632,14632
Bludenz,47.1533,9.8219,Austria,AT,Vorarlberg,minor,14539,14539
Eisenstadt,47.8456,16.5189,Austria,AT,Burgenland,admin,14476,14476
Feldkirchen,46.7236,14.0919,Austria,AT,Kärnten,minor,14198,14198
Bad Ischl,47.7115,13.6239,Austria,AT,Oberösterreich,,14133,14133
Hall in Tirol,47.2833,11.5000,Austria,AT,Tirol,,13897,13897
Wörgl,47.4831,12.0664,Austria,AT,Tirol,,13811,13811
Schwaz,47.3500,11.7000,Austria,AT,Tirol,minor,13728,13728
Marchtrenk,48.1917,14.1106,Austria,AT,Oberösterreich,,13603,13603
Hard,47.4892,9.6900,Austria,AT,Vorarlberg,,13495,13495
Feldbach,46.9550,15.8883,Austria,AT,Steiermark,minor,13369,13369
Gmunden,47.9181,13.7994,Austria,AT,Oberösterreich,minor,13191,13191
Korneuburg,48.3453,16.3331,Austria,AT,Niederösterreich,minor,12986,12986
Neunkirchen,47.7269,16.0817,Austria,AT,Niederösterreich,minor,12879,12879
Knittelfeld,47.2150,14.8294,Austria,AT,Steiermark,,12626,12626
Sankt Veit an der Glan,46.7667,14.3603,Austria,AT,Kärnten,minor,12547,12547
Vöcklabruck,48.0086,13.6558,Austria,AT,Oberösterreich,minor,12179,12179
Leibnitz,46.7831,15.5450,Austria,AT,Steiermark,minor,12176,12176
Enns,48.2167,14.4750,Austria,AT,Oberösterreich,,11937,11937
Ried im Innkreis,48.2100,13.4894,Austria,AT,Oberösterreich,minor,11903,11903
Brunn am Gebirge,48.1069,16.2842,Austria,AT,Niederösterreich,,11864,11864
Rankweil,47.2667,9.6500,Austria,AT,Vorarlberg,,11852,11852
Lienz,46.8297,12.7697,Austria,AT,Tirol,minor,11844,11844
Bad Vöslau,47.9669,16.2144,Austria,AT,Niederösterreich,,11844,11844
Hollabrunn,48.5667,16.0833,Austria,AT,Niederösterreich,minor,11681,11681
Deutschlandsberg,46.8161,15.2150,Austria,AT,Steiermark,minor,11663,11663
Mistelbach,48.5667,16.5667,Austria,AT,Niederösterreich,minor,11559,11559
Götzis,47.3342,9.6453,Austria,AT,Vorarlberg,,11473,11473
Weiz,47.2189,15.6253,Austria,AT,Steiermark,minor,11431,11431
Gänserndorf,48.3406,16.7175,Austria,AT,Niederösterreich,minor,11404,11404
Waidhofen an der Ybbs,47.9596,14.7745,Austria,AT,Niederösterreich,,11333,11333
Sankt Johann im Pongau,47.3500,13.2000,Austria,AT,Salzburg,minor,11235,11235
Groß-Enzersdorf,48.2000,16.5500,Austria,AT,Niederösterreich,,11206,11206
Gerasdorf bei Wien,48.2950,16.4675,Austria,AT,Niederösterreich,,11155,11155
Trofaiach,47.4261,15.0067,Austria,AT,Steiermark,,11125,11125
Völkermarkt,46.6622,14.6344,Austria,AT,Kärnten,minor,10946,10946
Ebreichsdorf,47.9611,16.4047,Austria,AT,Niederösterreich,,10942,10942
Zwettl,48.6033,15.1689,Austria,AT,Niederösterreich,minor,10908,10908
Gleisdorf,47.1039,15.7083,Austria,AT,Steiermark,,10763,10763
Bischofshofen,47.4172,13.2194,Austria,AT,Salzburg,,10540,10540
Imst,47.2394,10.7381,Austria,AT,Tirol,minor,10504,10504
Lauterach,47.4772,9.7314,Austria,AT,Vorarlberg,,10028,10028
Strasshof an der Nordbahn,48.3194,16.6475,Austria,AT,Niederösterreich,,10009,10009
Judenburg,47.1725,14.6603,Austria,AT,Steiermark,minor,9960,9960
Sankt Andrä,46.7667,14.8167,Austria,AT,Kärnten,,9957,9957
Köflach,47.0639,15.0889,Austria,AT,Steiermark,,9888,9888
Laakirchen,47.9828,13.8242,Austria,AT,Oberösterreich,,9861,9861
Altmünster,47.9000,13.7667,Austria,AT,Oberösterreich,,9793,9793
Zell am See,47.3233,12.7981,Austria,AT,Salzburg,minor,9762,9762
Purkersdorf,48.2092,16.1792,Austria,AT,Niederösterreich,,9701,9701
Wiener Neudorf,48.0856,16.3131,Austria,AT,Niederösterreich,,9433,9433
Sankt Johann in Tirol,47.5225,12.4256,Austria,AT,Tirol,,9428,9428
Voitsberg,47.0483,15.1503,Austria,AT,Steiermark,minor,9403,9403
Sierning,48.0447,14.3100,Austria,AT,Oberösterreich,,9371,9371
Sankt Valentin,48.1747,14.5333,Austria,AT,Niederösterreich,,9340,9340
Rum,47.2872,11.4581,Austria,AT,Tirol,,9190,9190
Guntramsdorf,48.0483,16.3150,Austria,AT,Niederösterreich,,9179,9179
Velden am Wörthersee,46.6125,14.0419,Austria,AT,Kärnten,,8952,8952
Attnang-Puchheim,48.0167,13.7167,Austria,AT,Oberösterreich,,8944,8944
Maria Enzersdorf,48.1000,16.2833,Austria,AT,Niederösterreich,,8829,8829
Engerwitzdorf,48.3397,14.4256,Austria,AT,Oberösterreich,,8790,8790
Mürzzuschlag,47.6075,15.6731,Austria,AT,Steiermark,,8654,8654
Stainz,46.8942,15.2639,Austria,AT,Steiermark,,8653,8653
Deutsch-Wagram,48.2994,16.5644,Austria,AT,Niederösterreich,,8651,8651
Fürstenfeld,47.0500,16.0833,Austria,AT,Steiermark,,8549,8549
Wolfurt,47.4731,9.7539,Austria,AT,Vorarlberg,,8429,8429
Perg,48.2503,14.6336,Austria,AT,Oberösterreich,minor,8388,8388
Neulengbach,48.1833,15.9000,Austria,AT,Niederösterreich,,8281,8281
Kitzbühel,47.4464,12.3919,Austria,AT,Tirol,minor,8272,8272
Neusiedl am See,47.9486,16.8431,Austria,AT,Burgenland,minor,8235,8235
Liezen,47.5667,14.2333,Austria,AT,Steiermark,minor,8191,8191
Zirl,47.2733,11.2414,Austria,AT,Tirol,,8162,8162
Langenzersdorf,48.3069,16.3553,Austria,AT,Niederösterreich,,8137,8137
Kindberg,47.5044,15.4489,Austria,AT,Steiermark,,8047,8047
Höchst,47.4592,9.6400,Austria,AT,Vorarlberg,,7995,7995
Freistadt,48.5117,14.5061,Austria,AT,Oberösterreich,minor,7909,7909
Gratkorn,47.1356,15.3392,Austria,AT,Steiermark,,7892,7892
Bruck an der Leitha,48.0255,16.7790,Austria,AT,Niederösterreich,minor,7887,7887
Wattens,47.2914,11.5925,Austria,AT,Tirol,,7881,7881
Sankt Andrä vor dem Hagenthale,48.3278,16.2094,Austria,AT,Niederösterreich,,7870,7870
Herzogenburg,48.2833,15.6833,Austria,AT,Niederösterreich,,7771,7771
Landeck,47.1333,10.5667,Austria,AT,Tirol,minor,7725,7725
Ebensee,47.8122,13.7731,Austria,AT,Oberösterreich,,7717,7717
Fohnsdorf,47.2083,14.6794,Austria,AT,Steiermark,,7693,7693
Langenlois,48.4667,15.6833,Austria,AT,Niederösterreich,,7609,7609
Oberwart,47.2878,16.2031,Austria,AT,Burgenland,minor,7572,7572
Pressbaum,48.1833,16.0825,Austria,AT,Niederösterreich,,7559,7559
Pasching,48.2589,14.2028,Austria,AT,Oberösterreich,,7552,7552
Sieghartskirchen,48.2539,16.0125,Austria,AT,Niederösterreich,,7528,7528
Vorchdorf,48.0042,13.9242,Austria,AT,Oberösterreich,,7475,7475
Bad Goisern,47.6417,13.6167,Austria,AT,Oberösterreich,,7450,7450
Strasswalchen,47.9800,13.2547,Austria,AT,Salzburg,,7420,7420
Kottingbrunn,47.9519,16.2292,Austria,AT,Niederösterreich,,7417,7417
Himberg,48.0667,16.4333,Austria,AT,Niederösterreich,,7375,7375
Seiersberg,47.0100,15.3989,Austria,AT,Steiermark,,7351,7351
Mattersburg,47.7381,16.3969,Austria,AT,Burgenland,minor,7349,7349
Fehring,46.9364,16.0106,Austria,AT,Steiermark,,7284,7284
Kuchl,47.6278,13.1472,Austria,AT,Salzburg,,7274,7274
Grödig,47.7394,13.0361,Austria,AT,Salzburg,,7262,7262
Zeltweg,47.1906,14.7511,Austria,AT,Steiermark,,7212,7212
Wolkersdorf im Weinviertel,48.3667,16.5167,Austria,AT,Niederösterreich,,7201,7201
Hafendorf,47.4556,15.3194,Austria,AT,Steiermark,,7177,7177
Ferlach,46.5269,14.3019,Austria,AT,Kärnten,,7141,7141
Hitzendorf,47.0353,15.3008,Austria,AT,Steiermark,,7134,7134
Jenbach,47.3933,11.7767,Austria,AT,Tirol,,7120,7120
Absam,47.2833,11.5000,Austria,AT,Tirol,,7112,7112
Arnoldstein,46.5506,13.7039,Austria,AT,Kärnten,,7096,7096
Pottendorf,47.9064,16.3908,Austria,AT,Niederösterreich,,7049,7049
Vösendorf,48.1167,16.3333,Austria,AT,Niederösterreich,,6990,6990
Kalsdorf bei Graz,46.9661,15.4817,Austria,AT,Steiermark,,6954,6954
Eugendorf,47.8669,13.1242,Austria,AT,Salzburg,,6937,6937
Bad Hofgastein,47.1711,13.1072,Austria,AT,Salzburg,,6914,6914
Völs,47.2500,11.3333,Austria,AT,Tirol,,6738,6738
Garsten,48.0217,14.4089,Austria,AT,Oberösterreich,,6711,6711
Reutte,47.4833,10.7167,Austria,AT,Tirol,minor,6704,6704
Schladming,47.3942,13.6892,Austria,AT,Steiermark,,6660,6660
Frohnleiten,47.2703,15.3244,Austria,AT,Steiermark,,6655,6655
Hartberg,47.2806,15.9700,Austria,AT,Steiermark,minor,6650,6650
Altach,47.3500,9.6500,Austria,AT,Vorarlberg,,6624,6624
Feldkirchen bei Graz,47.0125,15.4425,Austria,AT,Steiermark,,6622,6622
Eggersdorf bei Graz,47.1228,15.5992,Austria,AT,Steiermark,,6620,6620
Asten,48.2167,14.4167,Austria,AT,Oberösterreich,,6613,6613
Kremsmünster,48.0550,14.1308,Austria,AT,Oberösterreich,,6585,6585
Hainburg an der Donau,48.1478,16.9419,Austria,AT,Niederösterreich,,6570,6570
Wilhelmsburg,48.1108,15.6100,Austria,AT,Niederösterreich,,6557,6557
Mattighofen,48.1067,13.1494,Austria,AT,Oberösterreich,,6524,6524
Horn,48.6653,15.6558,Austria,AT,Niederösterreich,minor,6520,6520
Gallneukirchen,48.3531,14.4158,Austria,AT,Oberösterreich,,6492,6492
Eibiswald,46.6867,15.2472,Austria,AT,Steiermark,,6485,6485
Seeboden,46.8189,13.5183,Austria,AT,Kärnten,,6418,6418
Hörbranz,47.5553,9.7528,Austria,AT,Vorarlberg,,6346,6346
Neumarkt am Wallersee,47.9453,13.2247,Austria,AT,Salzburg,,6297,6297
Laa an der Thaya,48.7167,16.3833,Austria,AT,Niederösterreich,,6280,6280
Neuhofen an der Krems,48.1336,14.2333,Austria,AT,Oberösterreich,,6269,6269
Nenzing,47.1667,9.6833,Austria,AT,Vorarlberg,,6239,6239
Traismauer,48.3333,15.7331,Austria,AT,Niederösterreich,,6224,6224
Markt Sankt Florian,48.2089,14.3794,Austria,AT,Oberösterreich,,6176,6176
Unterpremstätten,46.9647,15.4042,Austria,AT,Steiermark,,6068,6068
Hörsching,48.2267,14.1794,Austria,AT,Oberösterreich,,6062,6062
Pöllau,47.3019,15.8339,Austria,AT,Steiermark,,6054,6054
Axams,47.2303,11.2792,Austria,AT,Tirol,,6048,6048
Gnas,46.8749,15.8263,Austria,AT,Steiermark,,6046,6046
Gunskirchen,48.1344,13.9431,Austria,AT,Oberösterreich,,6037,6037
Alkoven,48.2872,14.1069,Austria,AT,Oberösterreich,,5961,5961
Thalgau,47.8413,13.2537,Austria,AT,Salzburg,,5931,5931
Gloggnitz,47.6758,15.9383,Austria,AT,Niederösterreich,,5916,5916
Wilhering,48.3239,14.1906,Austria,AT,Oberösterreich,,5911,5911
Eberndorf,46.5914,14.6436,Austria,AT,Kärnten,,5862,5862
Wagna,46.7681,15.5583,Austria,AT,Steiermark,,5859,5859
Kirchbichl,47.5167,12.0667,Austria,AT,Tirol,,5855,5855
Micheldorf in Oberösterreich,47.8781,14.1333,Austria,AT,Oberösterreich,,5854,5854
Breitenfurth bei Wien,48.1333,16.1500,Austria,AT,Niederösterreich,,5853,5853
Abtenau,47.5333,13.3500,Austria,AT,Salzburg,,5842,5842
Radenthein,46.8000,13.7000,Austria,AT,Kärnten,,5831,5831
Paternion,46.7122,13.6378,Austria,AT,Kärnten,,5819,5819
Oberndorf bei Salzburg,47.9417,12.9417,Austria,AT,Salzburg,,5815,5815
Pinkafeld,47.3717,16.1219,Austria,AT,Burgenland,,5779,5779
Lochau,47.5300,9.7517,Austria,AT,Vorarlberg,,5747,5747
Tamsweg,47.1167,13.8000,Austria,AT,Salzburg,minor,5717,5717
Timelkam,48.0014,13.6125,Austria,AT,Oberösterreich,,5708,5708
Hopfgarten im Brixental,47.4500,12.1667,Austria,AT,Tirol,,5677,5677
Ybbs an der Donau,48.1667,15.0667,Austria,AT,Niederösterreich,,5653,5653
Ebbs,47.6300,12.2147,Austria,AT,Tirol,,5601,5601
Wernberg,46.6231,13.9394,Austria,AT,Kärnten,,5587,5587
Fischamend,48.1156,16.6128,Austria,AT,Niederösterreich,,5583,5583
Haag,48.1122,14.5656,Austria,AT,Niederösterreich,,5548,5548
Melk,48.2269,15.3439,Austria,AT,Niederösterreich,minor,5529,5529
Poysdorf,48.6667,16.6333,Austria,AT,Niederösterreich,,5527,5527
Waidhofen an der Thaya,48.8167,15.2833,Austria,AT,Niederösterreich,minor,5501,5501
Thalheim bei Wels,48.1514,14.0383,Austria,AT,Oberösterreich,,5482,5482
Elsbethen,47.7636,13.0817,Austria,AT,Salzburg,,5424,5424
Schrems,48.7833,15.0667,Austria,AT,Niederösterreich,,5404,5404
Zistersdorf,48.5167,16.7500,Austria,AT,Niederösterreich,,5391,5391
Bergheim,47.8403,13.0222,Austria,AT,Salzburg,,5388,5388
Spielberg bei Knittelfeld,47.2167,14.7833,Austria,AT,Steiermark,,5383,5383
Mittersill,47.2667,12.4667,Austria,AT,Salzburg,,5380,5380
Gmünd,48.7667,14.9833,Austria,AT,Niederösterreich,minor,5375,5375
Wildon,46.8869,15.5142,Austria,AT,Steiermark,,5367,5367
Schwertberg,48.2717,14.5833,Austria,AT,Oberösterreich,,5365,5365
Feldkirchen an der Donau,48.3456,14.0503,Austria,AT,Oberösterreich,,5361,5361
Bad Gleichenberg,46.8702,15.9027,Austria,AT,Steiermark,,5314,5314
Krieglach,47.5456,15.5594,Austria,AT,Steiermark,,5305,5305
Sankt Ruprecht an der Raab,47.1539,15.6622,Austria,AT,Steiermark,,5300,5300
Pregarten,48.3556,14.5306,Austria,AT,Oberösterreich,,5293,5293
Pettenbach,47.9617,14.0167,Austria,AT,Oberösterreich,,5272,5272
Schärding,48.4569,13.4317,Austria,AT,Oberösterreich,minor,5253,5253
Kirchberg in Tirol,47.4500,12.3167,Austria,AT,Tirol,,5245,5245
Rottenmann,47.5267,14.3558,Austria,AT,Steiermark,,5232,5232
Ohlsdorf,47.9614,13.7928,Austria,AT,Oberösterreich,,5209,5209
Andorf,48.3667,13.5667,Austria,AT,Oberösterreich,,5174,5174
Vomp,47.3422,11.6833,Austria,AT,Tirol,,5146,5146
Sankt Peter in der Au Markt,48.0450,14.6247,Austria,AT,Niederösterreich,,5119,5119
Gramastetten,48.3811,14.1900,Austria,AT,Oberösterreich,,5102,5102
Lieboch,46.9742,15.3375,Austria,AT,Steiermark,,5096,5096
Böheimkirchen,48.1978,15.7622,Austria,AT,Niederösterreich,,5087,5087
Leopoldsdorf,48.1167,16.4000,Austria,AT,Niederösterreich,,5078,5078
Stadl-Paura,48.0839,13.8639,Austria,AT,Oberösterreich,,5053,5053
Lenzing,47.9761,13.5956,Austria,AT,Oberösterreich,,5043,5043
Bad Hall,48.0344,14.2097,Austria,AT,Oberösterreich,,5043,5043
Sollenau,47.9000,16.2500,Austria,AT,Niederösterreich,,5038,5038
Admont,47.5731,14.4611,Austria,AT,Steiermark,,5010,5010
Grieskirchen,48.2350,13.8319,Austria,AT,Oberösterreich,minor,5002,5002
Birkfeld,47.3547,15.6950,Austria,AT,Steiermark,,4992,4992
Gablitz,48.2258,16.1467,Austria,AT,Niederösterreich,,4968,4968
Nüziders,47.1667,9.8000,Austria,AT,Vorarlberg,,4962,4962
Mittelberg,47.3228,10.1556,Austria,AT,Vorarlberg,,4962,4962
Henndorf am Wallersee,47.8833,13.1667,Austria,AT,Salzburg,,4947,4947
Friesach,46.9525,14.4097,Austria,AT,Kärnten,,4947,4947
Mauthausen,48.2419,14.5169,Austria,AT,Oberösterreich,,4936,4936
Vöcklamarkt,48.0031,13.4853,Austria,AT,Oberösterreich,,4924,4924
Riegersburg,47.0000,15.9333,Austria,AT,Steiermark,,4922,4922
Leobersdorf,47.9286,16.2167,Austria,AT,Niederösterreich,,4915,4915
Bürmoos,47.9833,12.9333,Austria,AT,Salzburg,,4899,4899
Kramsach,47.4447,11.8814,Austria,AT,Tirol,,4891,4891
Steyregg,48.2836,14.3667,Austria,AT,Oberösterreich,,4889,4889
Weißkirchen in Steiermark,47.1539,14.7386,Austria,AT,Steiermark,,4853,4853
Straß in Steiermark,46.7272,15.6244,Austria,AT,Steiermark,,4852,4852
Leobendorf,48.3775,16.3194,Austria,AT,Niederösterreich,,4847,4847
Altheim,48.2500,13.2333,Austria,AT,Oberösterreich,,4839,4839
Bad Aussee,47.6100,13.7828,Austria,AT,Steiermark,,4833,4833
Pottschach,47.7033,16.0011,Austria,AT,Niederösterreich,,4827,4827
Radstadt,47.3833,13.4667,Austria,AT,Salzburg,,4823,4823
Obertrum am See,47.9310,13.0485,Austria,AT,Salzburg,,4808,4808
Scharnstein,47.9003,13.9608,Austria,AT,Oberösterreich,,4780,4780
Sankt Marien,48.1464,14.2756,Austria,AT,Oberösterreich,,4769,4769
Althofen,46.8667,14.4667,Austria,AT,Kärnten,,4759,4759
Neustift im Stubaital,47.1103,11.3058,Austria,AT,Tirol,,4747,4747
Lengau,48.0050,13.2178,Austria,AT,Oberösterreich,,4738,4738
Vorau,47.4056,15.8881,Austria,AT,Steiermark,,4731,4731
Bisamberg,48.3314,16.3614,Austria,AT,Niederösterreich,,4729,4729
Ottensheim,48.3333,14.1769,Austria,AT,Oberösterreich,,4721,4721
Bruck an der Großglocknerstraße,47.2667,12.8167,Austria,AT,Salzburg,,4699,4699
Parndorf,47.9667,16.8500,Austria,AT,Burgenland,,4689,4689
Puch bei Hallein,47.7167,13.0944,Austria,AT,Salzburg,,4675,4675
Matrei in Osttirol,47.0006,12.5411,Austria,AT,Tirol,,4667,4667
Haiming,47.2533,10.8814,Austria,AT,Tirol,,4659,4659
Oberwaltersdorf,47.9769,16.3253,Austria,AT,Niederösterreich,,4618,4618
Eichgraben,48.1728,15.9833,Austria,AT,Niederösterreich,,4614,4614
Koblach,47.3333,9.6000,Austria,AT,Vorarlberg,,4577,4577
Neudörfl,47.7978,16.2967,Austria,AT,Burgenland,,4564,4564
Altenberg bei Linz,48.3731,14.3503,Austria,AT,Oberösterreich,,4553,4553
Obergrafendorf,48.1508,15.5442,Austria,AT,Niederösterreich,,4544,4544
Grossgerungs,48.5742,14.9578,Austria,AT,Niederösterreich,,4506,4506
Kirchdorf,47.9067,14.0000,Austria,AT,Oberösterreich,minor,4502,4502
Kirchberg an der Raab,46.9872,15.7636,Austria,AT,Steiermark,,4488,4488
Peuerbach,48.3456,13.7742,Austria,AT,Oberösterreich,,4483,4483
Moosburg,46.6578,14.1736,Austria,AT,Kärnten,,4482,4482
Kundl,47.4698,11.9849,Austria,AT,Tirol,,4464,4464
Volders,47.2875,11.5653,Austria,AT,Tirol,,4464,4464
Treffen,46.6683,13.8556,Austria,AT,Kärnten,,4455,4455
Puchenau,48.3108,14.2414,Austria,AT,Oberösterreich,,4445,4445
Wies,46.7203,15.2719,Austria,AT,Steiermark,,4438,4438
Fulpmes,47.1533,11.3492,Austria,AT,Tirol,,4378,4378
Sankt Georgen im Attergau,47.9333,13.4922,Austria,AT,Oberösterreich,,4375,4375
Bad Sankt Leonhard im Lavanttal,46.9625,14.7947,Austria,AT,Kärnten,,4375,4375
Kössen,47.6686,12.4044,Austria,AT,Tirol,,4346,4346
Oberalm,47.7000,13.1000,Austria,AT,Salzburg,,4325,4325
Deutschfeistritz,47.1986,15.3361,Austria,AT,Steiermark,,4311,4311
Felixdorf,47.8833,16.2333,Austria,AT,Niederösterreich,,4292,4292
Fieberbrunn,47.4664,12.5500,Austria,AT,Tirol,,4287,4287
Golling an der Salzach,47.6000,13.1667,Austria,AT,Salzburg,,4271,4271
Schwanenstadt,48.0553,13.7758,Austria,AT,Oberösterreich,,4264,4264
Weyer Markt,47.8503,14.6586,Austria,AT,Oberösterreich,,4258,4258
Retz,48.7569,15.9513,Austria,AT,Niederösterreich,,4249,4249
Sankt Jakob,46.5478,14.0572,Austria,AT,Kärnten,,4245,4245
Passail,47.2817,15.5136,Austria,AT,Steiermark,,4245,4245
Sinabelkirchen,47.1036,15.8281,Austria,AT,Steiermark,,4223,4223
Wartberg ob der Aist,48.3472,14.5083,Austria,AT,Oberösterreich,,4222,4222
Altenmarkt im Pongau,47.3667,13.4167,Austria,AT,Salzburg,,4218,4218
Ried in der Riedmark,48.2711,14.5456,Austria,AT,Oberösterreich,,4210,4210
Scheibbs,48.0000,15.1667,Austria,AT,Niederösterreich,minor,4196,4196
Anif,47.7500,13.0667,Austria,AT,Salzburg,,4195,4195
Hallwang,47.8500,13.0667,Austria,AT,Salzburg,,4189,4189
Fügen,47.3500,11.8333,Austria,AT,Tirol,,4169,4169
Bad Schallerbach,48.2289,13.9253,Austria,AT,Oberösterreich,,4169,4169
Groß Sankt Florian,46.8244,15.3186,Austria,AT,Steiermark,,4150,4150
Wieselburg,48.1333,15.1389,Austria,AT,Niederösterreich,,4143,4143
Sankt Georgen an der Gusen,48.2717,14.4483,Austria,AT,Oberösterreich,,4119,4119
Eferding,48.3083,14.0203,Austria,AT,Oberösterreich,minor,4100,4100
Hartkirchen,48.3639,14.0028,Austria,AT,Oberösterreich,,4099,4099
Anger,47.2736,15.6900,Austria,AT,Steiermark,,4098,4098
Jennersdorf,46.9378,16.1400,Austria,AT,Burgenland,minor,4096,4096
Walding,48.3503,14.1622,Austria,AT,Oberösterreich,,4095,4095
Sankt Johann ob Hohenburg,47.0000,15.2897,Austria,AT,Steiermark,,4091,4091
Alberndorf in der Riedmark,48.4067,14.4169,Austria,AT,Oberösterreich,,4083,4083
Sankt Margarethen an der Raab,47.0500,15.7500,Austria,AT,Steiermark,,4074,4074
Bleiburg,46.5900,14.7989,Austria,AT,Kärnten,,4072,4072
Mannersdorf am Leithagebirge,47.9667,16.6000,Austria,AT,Niederösterreich,,4069,4069
Götzens,47.2361,11.3114,Austria,AT,Tirol,,4062,4062
Luftenberg,48.2756,14.4292,Austria,AT,Oberösterreich,,4057,4057
Eisenerz,47.5500,14.8833,Austria,AT,Steiermark,,4048,4048
Buchkirchen,48.2239,14.0200,Austria,AT,Oberösterreich,,4038,4038
Lamprechtshausen,47.9667,12.9333,Austria,AT,Salzburg,,4037,4037
Mäder,47.3500,9.6167,Austria,AT,Vorarlberg,,4031,4031
Hinterbrühl,48.0833,16.2333,Austria,AT,Niederösterreich,,4029,4029
Heidenreichstein,48.8667,15.1167,Austria,AT,Niederösterreich,,4010,4010
Lanzenkirchen,47.7472,16.2472,Austria,AT,Niederösterreich,,3983,3983
Gössendorf,46.9958,15.4878,Austria,AT,Steiermark,,3981,3981
Badgastein,47.1147,13.1356,Austria,AT,Salzburg,,3980,3980
Thaur,47.2950,11.4719,Austria,AT,Tirol,,3979,3979
Tiefgraben,47.8586,13.3628,Austria,AT,Oberösterreich,,3974,3974
Harmannsdorf,48.3917,16.3711,Austria,AT,Niederösterreich,,3951,3951
Schwarzach,47.4447,9.7631,Austria,AT,Vorarlberg,,3949,3949
Sankt Stefan im Rosental,46.9023,15.7118,Austria,AT,Steiermark,,3947,3947
Gaweinstal,48.4781,16.5892,Austria,AT,Niederösterreich,,3947,3947
Kirchdorf in Tirol,47.5583,12.4475,Austria,AT,Tirol,,3936,3936
Bramberg am Wildkogel,47.2728,12.3481,Austria,AT,Salzburg,,3936,3936
Sierndorf,48.4286,16.1675,Austria,AT,Niederösterreich,,3933,3933
Sankt Veit an der Gölsen,48.0333,15.6667,Austria,AT,Niederösterreich,,3915,3915
Sankt Gilgen,47.7667,13.3667,Austria,AT,Salzburg,,3915,3915
Pöchlarn,48.2000,15.2000,Austria,AT,Niederösterreich,,3912,3912
Ebergassing,48.0458,16.5161,Austria,AT,Niederösterreich,,3904,3904
Pucking,48.1892,14.1836,Austria,AT,Oberösterreich,,3904,3904
Gumpoldskirchen,48.0442,16.2803,Austria,AT,Niederösterreich,,3899,3899
Schalchen,48.1189,13.1569,Austria,AT,Oberösterreich,,3877,3877
Fußach,47.4783,9.6639,Austria,AT,Vorarlberg,,3871,3871
Langenwang,47.5675,15.6192,Austria,AT,Steiermark,,3868,3868
Mayrhofen,47.1667,11.8667,Austria,AT,Tirol,,3858,3858
Pinsdorf,47.9303,13.7669,Austria,AT,Oberösterreich,,3849,3849
Inzing,47.2722,11.2000,Austria,AT,Tirol,,3847,3847
Kumberg,47.1594,15.5342,Austria,AT,Steiermark,,3843,3843
Gründberg,47.9706,14.2622,Austria,AT,Oberösterreich,,3840,3840
Maria Saal,46.6808,14.3486,Austria,AT,Kärnten,,3835,3835
Gols,47.8978,16.9089,Austria,AT,Burgenland,,3835,3835
Sonntagberg,47.9961,14.7622,Austria,AT,Niederösterreich,,3829,3829
Grossarl,47.2167,13.1833,Austria,AT,Salzburg,,3825,3825
Schruns,47.0803,9.9192,Austria,AT,Vorarlberg,,3818,3818
Mariazell,47.7731,15.3164,Austria,AT,Steiermark,,3813,3813
Aschbach Markt,48.0667,14.7500,Austria,AT,Niederösterreich,,3811,3811
Obdach,47.0667,14.7000,Austria,AT,Steiermark,,3810,3810
Loosdorf,48.2006,15.4011,Austria,AT,Niederösterreich,,3794,3794
Piesendorf,47.2667,12.7167,Austria,AT,Salzburg,,3790,3790
Sankt Veit im Pongau,47.3306,13.1556,Austria,AT,Salzburg,,3788,3788
Hausleiten,48.3947,16.1042,Austria,AT,Niederösterreich,,3784,3784
Gföhl,48.5167,15.4833,Austria,AT,Niederösterreich,,3783,3783
Steindorf am Ossiacher See,46.6983,14.0061,Austria,AT,Kärnten,,3771,3771
Sankt Martin im Mühlkreis,48.4167,14.0392,Austria,AT,Oberösterreich,,3757,3757
Mondsee,47.8567,13.3517,Austria,AT,Oberösterreich,,3734,3734
Anthering,47.8667,13.0167,Austria,AT,Salzburg,,3734,3734
Waizenkirchen,48.3303,13.8583,Austria,AT,Oberösterreich,,3729,3729
Hainfeld,48.0333,15.7667,Austria,AT,Niederösterreich,,3726,3726
Mieming,47.3000,10.9833,Austria,AT,Tirol,,3698,3698
Naarn im Machland,48.2267,14.6089,Austria,AT,Oberösterreich,,3690,3690
Sankt Marein bei Graz,47.0156,15.6875,Austria,AT,Steiermark,,3675,3675
Haidershofen,48.0767,14.4597,Austria,AT,Niederösterreich,,3670,3670
Kirchberg am Wagram,48.4303,15.8981,Austria,AT,Niederösterreich,,3670,3670
Mauerbach,48.2417,16.1764,Austria,AT,Niederösterreich,,3661,3661
Güssing,47.0592,16.3231,Austria,AT,Burgenland,minor,3655,3655
Molln,47.8836,14.2589,Austria,AT,Oberösterreich,,3653,3653
Westendorf,47.4000,12.2000,Austria,AT,Tirol,,3652,3652
Sankt Georgen am Längsee,46.7800,14.4319,Austria,AT,Kärnten,,3648,3648
Strobl,47.7191,13.4828,Austria,AT,Salzburg,,3645,3645
Trumau,47.9953,16.3442,Austria,AT,Niederösterreich,,3640,3640
Frankenmarkt,47.9836,13.4233,Austria,AT,Oberösterreich,,3636,3636
Gratwein,47.1294,15.3178,Austria,AT,Steiermark,,3635,3635
Söll,47.5036,12.1919,Austria,AT,Tirol,,3631,3631
Murau,47.1119,14.1731,Austria,AT,Steiermark,,3629,3629
Sankt Lorenzen im Mürztal,47.4800,15.3708,Austria,AT,Steiermark,,3626,3626
Steinach am Brenner,47.0833,11.4667,Austria,AT,Tirol,,3622,3622
Maishofen,47.3500,12.8000,Austria,AT,Salzburg,,3601,3601
Straden,46.8058,15.8711,Austria,AT,Steiermark,,3601,3601
Frauenstein,46.8136,14.3675,Austria,AT,Kärnten,,3597,3597
Sankt Stefan ob Stainz,46.9286,15.2589,Austria,AT,Steiermark,,3571,3571
Gaspoltshofen,48.1444,13.7364,Austria,AT,Oberösterreich,,3566,3566
Hof bei Salzburg,47.8167,13.2167,Austria,AT,Salzburg,,3562,3562
Adnet,47.6667,13.1167,Austria,AT,Salzburg,,3557,3557
Pyhra,48.1500,15.6833,Austria,AT,Niederösterreich,,3553,3553
Pfaffstätten,48.0167,16.2661,Austria,AT,Niederösterreich,,3551,3551
Mureck,46.7086,15.7728,Austria,AT,Steiermark,,3551,3551
Egg,47.4319,9.8956,Austria,AT,Vorarlberg,,3547,3547
Eggenburg,48.6431,15.8186,Austria,AT,Niederösterreich,,3540,3540
Gars am Kamp,48.5992,15.6633,Austria,AT,Niederösterreich,,3534,3534
Grosspetersdorf,47.2386,16.3186,Austria,AT,Burgenland,,3531,3531
Sankt Michael im Lungau,47.1000,13.6333,Austria,AT,Salzburg,,3520,3520
Schwarzach im Pongau,47.3222,13.1500,Austria,AT,Salzburg,,3515,3515
Ardagger Markt,48.1667,14.8167,Austria,AT,Niederösterreich,,3511,3511
Theresienfeld,47.8500,16.2167,Austria,AT,Niederösterreich,,3485,3485
Breitenbach am Inn,47.4789,11.9733,Austria,AT,Tirol,,3475,3475
Koppl,47.8081,13.1556,Austria,AT,Salzburg,,3472,3472
Griffen,46.7044,14.7328,Austria,AT,Kärnten,,3466,3466
Gramatneusiedl,48.0219,16.4925,Austria,AT,Niederösterreich,,3461,3461
Millstatt,46.8042,13.5806,Austria,AT,Kärnten,,3460,3460
Lannach,46.9433,15.3331,Austria,AT,Steiermark,,3459,3459
Traisen,48.0439,15.6089,Austria,AT,Niederösterreich,,3453,3453
Ziersdorf,48.5333,15.9333,Austria,AT,Niederösterreich,,3446,3446
Ybbsitz,47.9483,14.8939,Austria,AT,Niederösterreich,,3445,3445
Seefeld in Tirol,47.3294,11.1892,Austria,AT,Tirol,,3440,3440
Bad Fischau,47.8333,16.1667,Austria,AT,Niederösterreich,,3440,3440
Ludesch,47.1944,9.7817,Austria,AT,Vorarlberg,,3437,3437
Lambach,48.0944,13.8775,Austria,AT,Oberösterreich,,3435,3435
Weisskirchen an der Traun,48.1647,14.1283,Austria,AT,Oberösterreich,,3430,3430
Neufeld an der Leitha,47.8678,16.3767,Austria,AT,Burgenland,,3418,3418
Zams,47.1578,10.5894,Austria,AT,Tirol,,3409,3409
Seitenstetten Markt,48.0350,14.6542,Austria,AT,Niederösterreich,,3394,3394
Trieben,47.4864,14.4856,Austria,AT,Steiermark,,3390,3390
Kronstorf,48.1428,14.4667,Austria,AT,Oberösterreich,,3389,3389
Behamberg,48.0350,14.4971,Austria,AT,Niederösterreich,,3387,3387
Angern an der March,48.3833,16.8333,Austria,AT,Niederösterreich,,3384,3384
Ternberg,47.9464,14.3575,Austria,AT,Oberösterreich,,3367,3367
Eberschwang,48.1569,13.5603,Austria,AT,Oberösterreich,,3351,3351
Liebenfels,46.7381,14.2869,Austria,AT,Kärnten,,3329,3329
Semriach,47.2175,15.4033,Austria,AT,Steiermark,,3323,3323
Göfis,47.2331,9.6331,Austria,AT,Vorarlberg,,3312,3312
Sankt Paul im Levanttal,46.7022,14.8686,Austria,AT,Kärnten,,3303,3303
Ostermiething,48.0472,12.8306,Austria,AT,Oberösterreich,,3296,3296
Hausmannstätten,46.9908,15.5086,Austria,AT,Steiermark,,3288,3288
Pirka,46.9977,15.3945,Austria,AT,Steiermark,,3288,3288
Kaltenleutgeben,48.1153,16.1986,Austria,AT,Niederösterreich,,3276,3276
Bürs,47.1333,9.8000,Austria,AT,Vorarlberg,,3275,3275
Ligist,46.9939,15.2106,Austria,AT,Steiermark,,3275,3275
Mattsee,47.9667,13.0833,Austria,AT,Salzburg,,3263,3263
Leogang,47.4167,12.7500,Austria,AT,Salzburg,,3263,3263
Weidling,48.2906,16.3086,Austria,AT,Niederösterreich,,3258,3258
Katzelsdorf,47.7789,16.2736,Austria,AT,Niederösterreich,,3257,3257
Gamlitz,46.7203,15.5533,Austria,AT,Steiermark,,3248,3248
Oberaich,47.4000,15.2167,Austria,AT,Steiermark,,3243,3243
Hochburg-Ach,48.1306,12.8778,Austria,AT,Oberösterreich,,3236,3236
Kirchberg an der Pielach,48.0167,15.4333,Austria,AT,Niederösterreich,,3225,3225
Umhausen,47.1167,10.9167,Austria,AT,Tirol,,3220,3220
Mank,48.1108,15.3411,Austria,AT,Niederösterreich,,3219,3219
Ernstbrunn,48.5261,16.3614,Austria,AT,Niederösterreich,,3213,3213
Dietach,48.0919,14.4161,Austria,AT,Oberösterreich,,3212,3212
Oberneukirchen,48.4647,14.2272,Austria,AT,Oberösterreich,,3202,3202
Poggersdorf,46.6500,14.4500,Austria,AT,Kärnten,,3193,3193
Oberpullendorf,47.5000,16.5167,Austria,AT,Burgenland,minor,3188,3188
Großweikersdorf,48.4725,15.9800,Austria,AT,Niederösterreich,,3180,3180
Eben am Achensee,47.4228,11.7519,Austria,AT,Tirol,,3180,3180
Kierling,48.3083,16.2742,Austria,AT,Niederösterreich,,3178,3178
Kaprun,47.2725,12.7594,Austria,AT,Salzburg,,3177,3177
Ebenfurth,47.8758,16.3736,Austria,AT,Niederösterreich,,3170,3170
Enzersdorf an der Fischa,48.0794,16.6067,Austria,AT,Niederösterreich,,3163,3163
Neumarkt im Mühlkreis,48.4278,14.4833,Austria,AT,Oberösterreich,,3163,3163
Kittsee,48.0667,17.0667,Austria,AT,Burgenland,,3162,3162
Krenglbach,48.2039,13.9569,Austria,AT,Oberösterreich,,3158,3158
Bad Radkersburg,46.6897,15.9886,Austria,AT,Steiermark,,3156,3156
Sankt Florian am Inn,48.4333,13.6000,Austria,AT,Oberösterreich,,3150,3150
Pinggau,47.4439,16.0642,Austria,AT,Steiermark,,3150,3150
Sölden,46.9667,11.0000,Austria,AT,Tirol,,3145,3145
Arzl im Pitztal,47.2083,10.7625,Austria,AT,Tirol,,3134,3134
Grafenwörth,48.4067,15.7786,Austria,AT,Niederösterreich,,3132,3132
Paldau,46.9407,15.7928,Austria,AT,Steiermark,,3130,3130
Mühldorf bei Feldbach,46.9333,15.9000,Austria,AT,Steiermark,,3125,3125
Gaming,47.9333,15.0833,Austria,AT,Niederösterreich,,3121,3121
Klaus,47.3086,9.6467,Austria,AT,Vorarlberg,,3118,3118
Stallhofen,47.0500,15.2167,Austria,AT,Steiermark,,3118,3118
Michelhausen,48.2897,15.9375,Austria,AT,Niederösterreich,,3113,3113
Königswiesen,48.4078,14.8414,Austria,AT,Oberösterreich,,3113,3113
Faistenau,47.7667,13.2167,Austria,AT,Salzburg,,3103,3103
Schlüsslberg,48.2194,13.8725,Austria,AT,Oberösterreich,,3091,3091
Deutschkreutz,47.6017,16.6281,Austria,AT,Burgenland,,3088,3088
Katsdorf,48.3169,14.4742,Austria,AT,Oberösterreich,,3086,3086
Sankt Pantaleon,48.0072,12.8956,Austria,AT,Oberösterreich,,3085,3085
Wagrain,47.3333,13.3000,Austria,AT,Salzburg,,3085,3085
Grafendorf bei Hartberg,47.3403,15.9908,Austria,AT,Steiermark,,3082,3082
Tragwein,48.3306,14.6222,Austria,AT,Oberösterreich,,3082,3082
Grafenegg,48.4300,15.7475,Austria,AT,Niederösterreich,,3061,3061
Sankt Michael in Obersteiermark,47.3386,15.0183,Austria,AT,Steiermark,,3060,3060
Sankt Martin im Sulmtal,46.7500,15.3000,Austria,AT,Steiermark,,3059,3059
Maria Anzbach,48.1833,15.9333,Austria,AT,Niederösterreich,,3055,3055
Rechnitz,47.3069,16.4383,Austria,AT,Burgenland,,3054,3054
Rauris,47.2292,12.9944,Austria,AT,Salzburg,,3044,3044
Oberperfuss,47.2500,11.2500,Austria,AT,Tirol,,3043,3043
Wallern an der Trattnach,48.2317,13.9486,Austria,AT,Oberösterreich,,3039,3039
Ennsdorf,48.2125,14.4892,Austria,AT,Niederösterreich,,3031,3031
Werfen,47.4750,13.1889,Austria,AT,Salzburg,,3027,3027
Fliess,47.1200,10.6275,Austria,AT,Tirol,,3019,3019
Gröbming,47.4456,13.9011,Austria,AT,Steiermark,,3013,3013
Hornstein,47.8808,16.4456,Austria,AT,Burgenland,,3012,3012
Markt Piesting,47.8728,16.1289,Austria,AT,Niederösterreich,,3007,3007
Köttmannsdorf,46.5614,14.2339,Austria,AT,Kärnten,,3004,3004
Aurolzmünster,48.2483,13.4567,Austria,AT,Oberösterreich,,3000,3000
Göllersdorf,48.4914,16.1206,Austria,AT,Niederösterreich,,2999,2999
Wartberg an der Krems,47.9900,14.1169,Austria,AT,Oberösterreich,,2993,2993
Münchendorf,48.0300,16.3786,Austria,AT,Niederösterreich,,2992,2992
Eisbach,47.1369,15.2853,Austria,AT,Steiermark,,2991,2991
Sankt Leonhard am Forst,48.1417,15.2833,Austria,AT,Niederösterreich,,2989,2989
Biedermannsdorf,48.0834,16.3458,Austria,AT,Niederösterreich,,2988,2988
Tulbing,48.2875,16.1167,Austria,AT,Niederösterreich,,2971,2971
Brixlegg,47.4292,11.8775,Austria,AT,Tirol,,2970,2970
Sankt Ulrich bei Steyr,48.0217,14.4242,Austria,AT,Oberösterreich,,2969,2969
Elixhausen,47.8667,13.0667,Austria,AT,Salzburg,,2963,2963
Siegendorf im Burgenland,47.7822,16.5406,Austria,AT,Burgenland,,2963,2963
Munderfing,48.0667,13.1833,Austria,AT,Oberösterreich,,2963,2963
Weissenstein,46.6822,13.7236,Austria,AT,Kärnten,,2961,2961
Marchegg,48.2783,16.9092,Austria,AT,Niederösterreich,,2960,2960
Oberwölz Stadt,47.2028,14.2808,Austria,AT,Steiermark,,2960,2960
Rainbach im Mühlkreis,48.5611,14.4778,Austria,AT,Oberösterreich,,2959,2959
Oberndorf an der Melk,48.0639,15.2186,Austria,AT,Niederösterreich,,2957,2957
Sankt Georgen bei Salzburg,47.9833,12.8833,Austria,AT,Salzburg,,2954,2954
Pöttsching,47.8067,16.3694,Austria,AT,Burgenland,,2950,2950
Sankt Peter am Ottersbach,46.7978,15.7592,Austria,AT,Steiermark,,2950,2950
Atzenbrugg,48.2911,15.9061,Austria,AT,Niederösterreich,,2948,2948
Lavamünd,46.6417,14.9417,Austria,AT,Kärnten,,2941,2941
Kaindorf,47.2264,15.9114,Austria,AT,Steiermark,,2935,2935
Kematen in Tirol,47.2542,11.2722,Austria,AT,Tirol,,2931,2931
Neuhofen an der Ybbs,48.0567,14.8553,Austria,AT,Niederösterreich,,2930,2930
Stattegg,47.1372,15.4200,Austria,AT,Steiermark,,2927,2927
Gampern,47.9892,13.5506,Austria,AT,Oberösterreich,,2927,2927
Altlengbach,48.1500,15.9167,Austria,AT,Niederösterreich,,2927,2927
Grein,48.2281,14.8506,Austria,AT,Oberösterreich,,2926,2926
Taufkirchen an der Pram,48.4104,13.5381,Austria,AT,Oberösterreich,,2925,2925
Prambachkirchen,48.3167,13.9000,Austria,AT,Oberösterreich,,2919,2919
Uttendorf,47.2667,12.5667,Austria,AT,Salzburg,,2913,2913
Pottenstein,47.9586,16.0958,Austria,AT,Niederösterreich,,2909,2909
Sankt Oswald bei Freistadt,48.5000,14.5833,Austria,AT,Oberösterreich,,2901,2901
Purbach am Neusiedlersee,47.9147,16.6933,Austria,AT,Burgenland,,2901,2901
Freidorf an der Lassnitz,46.8261,15.2556,Austria,AT,Steiermark,,2894,2894
Kirchschlag in der Buckligen Welt,47.5033,16.2963,Austria,AT,Niederösterreich,,2889,2889
Sankt Georgen am Ybbsfelde,48.1294,14.9536,Austria,AT,Niederösterreich,,2886,2886
Trautmannsdorf an der Leitha,48.0167,16.6167,Austria,AT,Niederösterreich,,2886,2886
Grafenstein,46.6150,14.4672,Austria,AT,Kärnten,,2884,2884
Waldhausen im Strudengau,48.2775,14.9500,Austria,AT,Oberösterreich,,2870,2870
Pichl bei Wels,48.1853,13.9000,Austria,AT,Oberösterreich,,2863,2863
Frauenkirchen,47.8411,16.9194,Austria,AT,Burgenland,,2862,2862
Schlierbach,47.9336,14.1275,Austria,AT,Oberösterreich,,2858,2858
Sulz im Wienerwald,48.1000,16.1333,Austria,AT,Niederösterreich,,2858,2858
Maria Lankowitz,47.0639,15.0631,Austria,AT,Steiermark,,2858,2858
Esternberg,48.5500,13.5667,Austria,AT,Oberösterreich,,2855,2855
Stainach,47.5333,14.1000,Austria,AT,Steiermark,,2850,2850
Leopoldsdorf im Marchfelde,48.2242,16.6897,Austria,AT,Niederösterreich,,2848,2848
Ulrichsberg,48.6756,13.9122,Austria,AT,Oberösterreich,,2843,2843
Lilienfeld,48.0167,15.6000,Austria,AT,Niederösterreich,minor,2833,2833
Laxenburg,48.0667,16.3500,Austria,AT,Niederösterreich,,2828,2828
Ellmau,47.5139,12.3036,Austria,AT,Tirol,,2828,2828
Lassnitzhöhe,47.0767,15.5822,Austria,AT,Steiermark,,2817,2817
Flachau,47.3428,13.3922,Austria,AT,Salzburg,,2813,2813
Gleinstätten,46.7536,15.3697,Austria,AT,Steiermark,,2792,2792
Kematen an der Krems,48.1114,14.1922,Austria,AT,Oberösterreich,,2790,2790
Heiligenkreuz am Waasen,46.9564,15.5850,Austria,AT,Steiermark,,2787,2787
Tullnerbach-Lawies,48.2000,16.1000,Austria,AT,Niederösterreich,,2782,2782
Groß-Siegharts,48.7833,15.4000,Austria,AT,Niederösterreich,,2775,2775
Gallspach,48.2067,13.8144,Austria,AT,Oberösterreich,,2772,2772
Sankt Wolfgang im Salzkammergut,47.7383,13.4481,Austria,AT,Oberösterreich,,2770,2770
Lassee,48.2256,16.8231,Austria,AT,Niederösterreich,,2765,2765
Pörtschach am Wörthersee,46.6356,14.1425,Austria,AT,Kärnten,,2751,2751
Gschwandt,47.9350,13.8456,Austria,AT,Niederösterreich,,2750,2750
Sankt Margarethen bei Knittelfeld,47.2267,14.8589,Austria,AT,Steiermark,,2750,2750
Irdning,47.5000,14.1000,Austria,AT,Steiermark,,2749,2749
Lasberg,48.4722,14.5417,Austria,AT,Oberösterreich,,2748,2748
Taxenbach,47.2917,12.9642,Austria,AT,Salzburg,,2747,2747
Tarrenz,47.2639,10.7625,Austria,AT,Tirol,,2744,2744
Ried im Traunkreis,48.0254,14.0734,Austria,AT,Oberösterreich,,2739,2739
Hohenau an der March,48.6056,16.9056,Austria,AT,Niederösterreich,,2738,2738
Hagenberg im Mühlkreis,48.3639,14.5194,Austria,AT,Oberösterreich,,2737,2737
Niederndorf,47.6500,12.2156,Austria,AT,Tirol,,2736,2736
Lichtenwörth,47.8320,16.2957,Austria,AT,Niederösterreich,,2727,2727
Gutau,48.4167,14.6000,Austria,AT,Oberösterreich,,2724,2724
Reith im Alpbachtal,47.4167,11.8783,Austria,AT,Tirol,,2722,2722
Aigen im Ennstal,47.5204,14.1432,Austria,AT,Steiermark,,2722,2722
Landl,47.6508,14.7369,Austria,AT,Steiermark,,2720,2720
Brückl,46.7531,14.5358,Austria,AT,Kärnten,,2717,2717
Sankt Marein im Mürztal,47.4744,15.3711,Austria,AT,Steiermark,,2713,2713
Blindenmarkt,48.1286,14.9892,Austria,AT,Niederösterreich,,2712,2712
Rohrbach bei Mattersburg,47.7097,16.4272,Austria,AT,Burgenland,,2707,2707
Satteins,47.2250,9.6719,Austria,AT,Vorarlberg,,2703,2703
Grossraming,47.8878,14.5503,Austria,AT,Oberösterreich,,2702,2702
Pitten,47.7161,16.1864,Austria,AT,Niederösterreich,,2697,2697
Niedernsill,47.2833,12.6500,Austria,AT,Salzburg,,2694,2694
Weitra,48.7008,14.8956,Austria,AT,Niederösterreich,,2693,2693
Wiesen,47.7394,16.3400,Austria,AT,Burgenland,,2691,2691
Mitterndorf an der Fischa,47.9973,16.4708,Austria,AT,Niederösterreich,,2685,2685
Aldrans,47.2500,11.4333,Austria,AT,Tirol,,2684,2684
Puchberg am Schneeberg,47.7833,15.9000,Austria,AT,Niederösterreich,,2683,2683
Vitis,48.7589,15.1817,Austria,AT,Niederösterreich,,2678,2678
Sattledt,48.0733,14.0575,Austria,AT,Oberösterreich,,2668,2668
Burgkirchen,48.2044,13.1014,Austria,AT,Oberösterreich,,2661,2661
Stegersbach,47.1597,16.1664,Austria,AT,Burgenland,,2658,2658
Vorderweissenbach,48.5528,14.2200,Austria,AT,Oberösterreich,,2653,2653
Schiefling am See,46.6017,14.0978,Austria,AT,Kärnten,,2651,2651
Raabs an der Thaya,48.8481,15.4931,Austria,AT,Niederösterreich,,2651,2651
Nestelbach bei Graz,47.0622,15.6083,Austria,AT,Steiermark,,2648,2648
Euratsfeld,48.0828,14.9325,Austria,AT,Niederösterreich,,2639,2639
Brixen im Thale,47.4500,12.2500,Austria,AT,Tirol,,2639,2639
Lichtenhag,48.3600,14.2581,Austria,AT,Oberösterreich,,2637,2637
Sankt Margarethen im Burgenland,47.8031,16.6064,Austria,AT,Burgenland,,2636,2636
Rohrbach an der Lafnitz,47.3906,15.9956,Austria,AT,Steiermark,,2634,2634
Köstendorf,47.9572,13.1972,Austria,AT,Salzburg,,2631,2631
Eberstallzell,48.0447,13.9819,Austria,AT,Oberösterreich,,2627,2627
Alland,48.0583,16.0806,Austria,AT,Niederösterreich,,2622,2622
Kappl,47.0631,10.3756,Austria,AT,Tirol,,2617,2617
Grossgmain,47.7250,12.9086,Austria,AT,Salzburg,,2615,2615
Stinkenbrunn,47.8367,16.4133,Austria,AT,Burgenland,,2614,2614
Pfunds,46.9667,10.5500,Austria,AT,Tirol,,2602,2602
Friedberg,47.4414,16.0581,Austria,AT,Steiermark,,2601,2601
Kirchbach,46.6411,13.1833,Austria,AT,Kärnten,,2599,2599
Paudorf,48.3500,15.6167,Austria,AT,Niederösterreich,,2598,2598
Ehrwald,47.3997,10.9167,Austria,AT,Tirol,,2593,2593
Sankt Pantaleon,48.1992,14.5714,Austria,AT,Niederösterreich,,2587,2587
Hirtenberg,47.9317,16.1756,Austria,AT,Niederösterreich,,2586,2586
Maria Rain,46.5553,14.2958,Austria,AT,Kärnten,,2584,2584
Münzkirchen,48.4833,13.5667,Austria,AT,Oberösterreich,,2572,2572
Reichenau,47.7000,15.8333,Austria,AT,Niederösterreich,,2571,2571
Pirching am Traubenberg,46.9562,15.5966,Austria,AT,Steiermark,,2567,2567
Mauerkirchen,48.1908,13.1353,Austria,AT,Oberösterreich,,2566,2566
Alpbach,47.3986,11.9439,Austria,AT,Tirol,,2561,2561
Silz,47.2653,10.9306,Austria,AT,Tirol,,2560,2560
Neukirchen an der Vöckla,48.0411,13.5383,Austria,AT,Oberösterreich,,2559,2559
Pischelsdorf in Steiermark,47.1786,15.8072,Austria,AT,Steiermark,,2556,2556
Kaindorf an der Sulm,46.8000,15.5333,Austria,AT,Steiermark,,2552,2552
Rohrbach,48.5733,13.9917,Austria,AT,Oberösterreich,minor,2552,2552
Gmünd,46.9067,13.5350,Austria,AT,Kärnten,,2550,2550
Kilb,48.1000,15.4056,Austria,AT,Niederösterreich,,2543,2543
Kritzendorf,48.3275,16.3017,Austria,AT,Niederösterreich,,2541,2541
Haslach an der Mühl,48.5786,14.0353,Austria,AT,Oberösterreich,,2536,2536
Langenstein,48.2586,14.4642,Austria,AT,Oberösterreich,,2534,2534
Bad Wimsbach-Neydharting,48.0639,13.9019,Austria,AT,Oberösterreich,,2533,2533
Goldegg,47.3167,13.0833,Austria,AT,Salzburg,,2533,2533
Sulz,47.2883,9.6533,Austria,AT,Vorarlberg,,2527,2527
Berg bei Rohrbach,48.5747,14.0019,Austria,AT,Oberösterreich,,2523,2523
Neukirchen am Großvenediger,47.2500,12.2667,Austria,AT,Salzburg,,2517,2517
Niklasdorf,47.3950,15.1569,Austria,AT,Steiermark,,2515,2515
Schwoich,47.5500,12.1333,Austria,AT,Tirol,,2515,2515
Herzogsdorf,48.4311,14.1136,Austria,AT,Oberösterreich,,2506,2506
Feistritz im Rosental,46.5225,14.1717,Austria,AT,Kärnten,,2506,2506
Kirchberg am Wechsel,47.6086,15.9925,Austria,AT,Niederösterreich,,2505,2505
Kallham,48.2839,13.7147,Austria,AT,Oberösterreich,,2498,2498
Radfeld,47.4461,11.9114,Austria,AT,Tirol,,2495,2495
Neuberg an der Mürz,47.6669,15.5750,Austria,AT,Steiermark,,2494,2494
Sankt Lorenz,47.8233,13.3567,Austria,AT,Oberösterreich,,2493,2493
Pernitz,47.9000,15.9667,Austria,AT,Niederösterreich,,2473,2473
Krottendorf bei Ligist,47.0092,15.2158,Austria,AT,Steiermark,,2463,2463
Keutschach am See,46.5931,14.1878,Austria,AT,Kärnten,,2450,2450
Sankt Peter,48.2542,13.0944,Austria,AT,Oberösterreich,,2447,2447
Eben im Pongau,47.4000,13.4000,Austria,AT,Salzburg,,2446,2446
Pöggstall,48.3167,15.2017,Austria,AT,Niederösterreich,,2435,2435
Zellerndorf,48.7000,15.9500,Austria,AT,Niederösterreich,,2432,2432
Oberschützen,47.3497,16.2083,Austria,AT,Burgenland,,2429,2429
Raaba,47.0278,15.4967,Austria,AT,Steiermark,,2427,2427
Weiden am See,47.9167,16.8667,Austria,AT,Burgenland,,2426,2426
Feistritz,47.1931,15.8283,Austria,AT,Steiermark,,2417,2417
Sankt Anton am Arlberg,47.1167,10.2667,Austria,AT,Tirol,,2417,2417
Neuhofen im Innkreis,48.1833,13.4667,Austria,AT,Oberösterreich,,2408,2408
Schardenberg,48.5203,13.4975,Austria,AT,Oberösterreich,,2407,2407
Taiskirchen im Innkreis,48.2636,13.5736,Austria,AT,Oberösterreich,,2407,2407
Königstetten,48.2833,16.1167,Austria,AT,Niederösterreich,,2406,2406
Schlins,47.2061,9.6997,Austria,AT,Vorarlberg,,2404,2404
Oetz,47.2000,10.9000,Austria,AT,Tirol,,2402,2402
Fraham,48.2833,14.0314,Austria,AT,Oberösterreich,,2395,2395
Windischgarsten,47.7211,14.3308,Austria,AT,Oberösterreich,,2392,2392
Pöndorf,47.9972,13.3669,Austria,AT,Oberösterreich,,2386,2386
Wullersdorf,48.6276,16.1012,Austria,AT,Niederösterreich,,2385,2385
Illmitz,47.7631,16.8003,Austria,AT,Burgenland,,2385,2385
Sankt Peter-Freienstein,47.3989,15.0317,Austria,AT,Steiermark,,2383,2383
Nußdorf am Haunsberg,47.9500,13.0000,Austria,AT,Salzburg,,2383,2383
Mitterdorf im Mürztal,47.5356,15.5117,Austria,AT,Steiermark,,2380,2380
Leutasch,47.3667,11.1500,Austria,AT,Tirol,,2380,2380
Schattendorf,47.7108,16.5106,Austria,AT,Burgenland,,2379,2379
Mariapfarr,47.1500,13.7333,Austria,AT,Salzburg,,2375,2375
Steinerkirchen an der Traun,48.0786,13.9583,Austria,AT,Oberösterreich,,2371,2371
Bludesch,47.1996,9.7471,Austria,AT,Vorarlberg,,2370,2370
Langenrohr,48.3000,16.0000,Austria,AT,Niederösterreich,,2369,2369
Pöls,47.2194,14.5839,Austria,AT,Steiermark,,2367,2367
Werndorf,46.9211,15.4811,Austria,AT,Steiermark,,2365,2365
Eggelsberg,48.0778,12.9928,Austria,AT,Oberösterreich,,2365,2365
Mehrnbach,48.2089,13.4364,Austria,AT,Oberösterreich,,2363,2363
Pernegg an der Mur,47.3667,15.3500,Austria,AT,Steiermark,,2356,2356
Mettmach,48.1736,13.3450,Austria,AT,Oberösterreich,,2355,2355
Bartholomäberg,47.0919,9.9083,Austria,AT,Vorarlberg,,2352,2352
Dölsach,46.8278,12.8403,Austria,AT,Tirol,,2338,2338
Sankt Marienkirchen an der Polsenz,48.2639,13.9306,Austria,AT,Oberösterreich,,2337,2337
Gießhübl,48.0972,16.2367,Austria,AT,Niederösterreich,,2335,2335
Sankt Anna am Aigen,46.8359,15.9755,Austria,AT,Steiermark,,2334,2334
Fels am Wagram,48.4386,15.8175,Austria,AT,Niederösterreich,,2318,2318
Krumbach Markt,47.5242,16.1919,Austria,AT,Niederösterreich,,2316,2316
Ruprechtshofen,48.1361,15.2778,Austria,AT,Niederösterreich,,2315,2315
Rietz,47.2847,11.0306,Austria,AT,Tirol,,2313,2313
Bad Eisenkappel,46.4864,14.5961,Austria,AT,Kärnten,,2306,2306
Natternbach,48.3975,13.7500,Austria,AT,Oberösterreich,,2305,2305
Hellmonsödt,48.4325,14.3003,Austria,AT,Oberösterreich,,2303,2303
Ladendorf,48.5333,16.4833,Austria,AT,Niederösterreich,,2298,2298
Thörl,47.5169,15.2192,Austria,AT,Steiermark,,2295,2295
Großklein,46.7364,15.4428,Austria,AT,Steiermark,,2292,2292
Himmelberg,46.7484,14.0371,Austria,AT,Kärnten,,2287,2287
Nussbach,47.9725,14.1647,Austria,AT,Oberösterreich,,2286,2286
Andau,47.7764,17.0300,Austria,AT,Burgenland,,2285,2285
Sarleinsbach,48.5472,13.9053,Austria,AT,Oberösterreich,,2284,2284
Bleiberg ob Villach,46.6242,13.6878,Austria,AT,Kärnten,,2283,2283
Steinakirchen am Forst,48.0667,15.0472,Austria,AT,Niederösterreich,,2274,2274
Raab,48.3500,13.6500,Austria,AT,Oberösterreich,,2270,2270
Biberbach,48.0167,14.6833,Austria,AT,Niederösterreich,,2270,2270
Dürnkrut,48.4711,16.8525,Austria,AT,Niederösterreich,,2267,2267
Aschach an der Steyr,48.0136,14.3336,Austria,AT,Oberösterreich,,2266,2266
Mörbisch am See,47.7533,16.6675,Austria,AT,Burgenland,,2261,2261
Litschau,48.9433,15.0456,Austria,AT,Niederösterreich,,2259,2259
Sankt Nikolai im Sausal,46.8211,15.4492,Austria,AT,Steiermark,,2257,2257
Sistrans,47.2381,11.4467,Austria,AT,Tirol,,2255,2255
Hofstätten an der Raab,47.0753,15.7469,Austria,AT,Steiermark,,2253,2253
Scharten,48.2528,14.0361,Austria,AT,Oberösterreich,,2252,2252
Zurndorf,47.9831,17.0031,Austria,AT,Burgenland,,2247,2247
Hohenzell,48.1942,13.5444,Austria,AT,Oberösterreich,,2246,2246
Sankt Gallenkirch,47.0167,9.9667,Austria,AT,Vorarlberg,,2246,2246
Meiningen,47.3000,9.5833,Austria,AT,Vorarlberg,,2245,2245
Pfarrkirchen bei Bad Hall,48.0303,14.1994,Austria,AT,Oberösterreich,,2244,2244
Waldneukirchen,47.9969,14.2614,Austria,AT,Oberösterreich,,2242,2242
Spital am Pyhrn,47.6653,14.3408,Austria,AT,Oberösterreich,,2238,2238
Großebersdorf,48.3622,16.4692,Austria,AT,Niederösterreich,,2236,2236
Lohnsburg,48.1450,13.4064,Austria,AT,Oberösterreich,,2234,2234
Ernsthofen,48.1278,14.4825,Austria,AT,Niederösterreich,,2230,2230
Hagenbrunn,48.3331,16.4056,Austria,AT,Niederösterreich,,2227,2227
Thüringen,47.2000,9.7667,Austria,AT,Vorarlberg,,2222,2222
Spillern,48.3778,16.2578,Austria,AT,Niederösterreich,,2222,2222
Altenfelden,48.4861,13.9689,Austria,AT,Oberösterreich,,2219,2219
Weistrach,48.0539,14.5839,Austria,AT,Niederösterreich,,2216,2216
Neukirchen an der Enknach,48.1778,13.0472,Austria,AT,Oberösterreich,,2212,2212
Mooskirchen,46.9842,15.2822,Austria,AT,Steiermark,,2207,2207
Asperhofen,48.2500,15.9167,Austria,AT,Niederösterreich,,2206,2206
Sankt Martin am Techelsberg,46.6586,14.1019,Austria,AT,Kärnten,,2203,2203
Mutters,47.2333,11.3667,Austria,AT,Tirol,,2202,2202
Aschach an der Donau,48.3667,14.0167,Austria,AT,Oberösterreich,,2201,2201
Obervellach,46.9319,13.2022,Austria,AT,Kärnten,,2201,2201
Peggau,47.2064,15.3442,Austria,AT,Steiermark,,2199,2199
Virgen,47.0036,12.4581,Austria,AT,Tirol,,2199,2199
Edt bei Lambach,48.0900,13.9047,Austria,AT,Oberösterreich,,2197,2197
Tschagguns,47.0767,9.9008,Austria,AT,Vorarlberg,,2195,2195
Oberndorf in Tirol,47.4986,12.3847,Austria,AT,Tirol,,2194,2194
Großrußbach,48.4728,16.4153,Austria,AT,Niederösterreich,,2194,2194
Unterweissenbach,48.4361,14.7819,Austria,AT,Oberösterreich,,2192,2192
Kirchstetten,48.1833,15.8167,Austria,AT,Niederösterreich,,2189,2189
Steinhaus,48.1161,14.0206,Austria,AT,Oberösterreich,,2187,2187
Bistrica nad Pliberkom,46.5569,14.7594,Austria,AT,Kärnten,,2185,2185
Achenkirch,47.5269,11.7072,Austria,AT,Tirol,,2185,2185
Terfens,47.3261,11.6461,Austria,AT,Tirol,,2184,2184
Gedersdorf,48.4336,15.6872,Austria,AT,Niederösterreich,,2184,2184
Mortantsch,47.2078,15.5789,Austria,AT,Steiermark,,2182,2182
Schwadorf,48.0667,16.5833,Austria,AT,Niederösterreich,,2180,2180
Waldzell,48.1361,13.4292,Austria,AT,Oberösterreich,,2177,2177
Haag am Hausruck,48.1856,13.6422,Austria,AT,Oberösterreich,,2176,2176
Rudersdorf,47.0483,16.1222,Austria,AT,Burgenland,,2176,2176
Wilfersdorf,48.5892,16.6447,Austria,AT,Niederösterreich,,2175,2175
Stubenberg,47.2439,15.8003,Austria,AT,Steiermark,,2171,2171
Viehausen,47.7832,12.9871,Austria,AT,Salzburg,,2165,2165
Sankt Radegund bei Graz,47.1811,15.4894,Austria,AT,Steiermark,,2165,2165
Sitzendorf an der Schmida,48.5997,15.9400,Austria,AT,Niederösterreich,,2162,2162
Sankt Pölten,48.1982,15.6431,Austria,AT,Niederösterreich,admin,,
Baden,48.0167,16.2333,Austria,AT,Niederösterreich,minor,,
Villach,46.6125,13.8529,Austria,AT,Kärnten,minor,,
Tulln,48.3333,16.0500,Austria,AT,Niederösterreich,minor,,
Rust,47.8010,16.6754,Austria,AT,Burgenland,minor,,
Hermagor,46.6272,13.3672,Austria,AT,Kärnten,minor,,
